OBJECTID,LEA_GUID,LEA_OFFICIAL,CSO_LEA,LEA_ID,COUNTY,Shape__Area,Shape__Length
1,2ae19629-3f08-13a3-e055-000000000001,Y,ADARE-RATHKEALE,13120401,LIMERICK,757526184.627777,198286.113368129
2,2ae19629-3f12-13a3-e055-000000000001,Y,ARDEE,13140402,LOUTH,379552109.313416,134512.532973371
3,2ae19629-3ef6-13a3-e055-000000000001,Y,ARKLOW,13250404,WICKLOW,485827390.229004,149488.659719994
4,2ae19629-3ef4-13a3-e055-000005200001,Y,ARTANE-WHITEHALL,13260429,DUBLIN,12640087.3113403,19185.9023950209
5,220a3c1c-5611-4729-9f86-37b2fb10bd19,N,ASHBOURNE,13160402,MEATH,301635862.722168,187674.595299585
6,2ae19629-3f4c-13a3-e055-000000000001,Y,ATHENRY-ORANMORE,1360404,GALWAY,514940693.48703,165161.530195949
7,2ae19629-3f72-13a3-e055-000000000001,Y,ATHY,1380403,KILDARE,464313072.619568,139711.142753993
8,2ae19629-3f2a-13a3-e055-000000000001,Y,BAILIEBOROUGH-COOTEHILL,1320401,CAVAN,646035573.404968,183847.695613714
9,2ae19629-3ef4-13a3-e055-997440000001,Y,BALBRIGGAN,13260417,DUBLIN,56718845.2270508,50207.3172193134
10,2ae19629-3f14-13a3-e055-000000000001,Y,BALLINA,13150400,MAYO,883803483.250397,242587.610780244
11,2ae19629-3f05-13a3-e055-000000000001,Y,BALLINAMORE,13110401,LEITRIM,545885500.981506,167668.949636856
12,2ae19629-3f4a-13a3-e055-000000000001,Y,BALLINASLOE,1360402,GALWAY,1194778844.91956,283974.846687143
13,2ae19629-3f20-13a3-e055-000000000001,Y,BALLYBAY-CLONES,13170402,MONAGHAN,542251933.315613,210857.046595287
14,2ae19629-3f58-13a3-e055-000000000001,Y,BALLYFERMOT-DRIMNAGH,13260422,DUBLIN,11027336.7409058,19981.4079631143
15,2ae19629-3f2b-13a3-e055-000000000001,Y,BALLYJAMESDUFF,1320402,CAVAN,605514316.596191,207766.714612188
16,2ae19629-3f0e-13a3-e055-000000000001,Y,BALLYMAHON,13130401,LONGFORD,506293266.439697,135155.83607619
17,2ae19629-3f27-13a3-e055-000000000001,Y,BALLYMOTE-TOBERCURRY,13200400,SLIGO,1410256710.01154,319096.316938085
18,2ae19629-3f56-13a3-e055-000000000001,Y,BALLYMUN-FINGLAS,13260420,DUBLIN,10992513.2223816,16991.7325001035
19,2ae19629-3f3d-13a3-e055-000000000001,Y,BALTINGLASS,13250400,WICKLOW,916221041.718872,252575.309558188
20,2ae19629-3f68-13a3-e055-000000000001,Y,BANDON-KINSALE,1340405,CORK,646341560.125214,292589.255386846
21,2ae19629-3f41-13a3-e055-000000000001,Y,BANTRY-WEST CORK,1340406,CORK,1239465591.70406,1006445.62260234
22,2ae19629-3f17-13a3-e055-000000000001,Y,BELMULLET,13150403,MAYO,1460277290.01251,944145.389059796
23,2ae19629-3f21-13a3-e055-000000000001,Y,BIRR,13180400,OFFALY,1009479343.14688,229900.917126653
24,e97b193e-2389-4b62-8e77-25ed84bbbc15,N,BLACKROCK,13260410,DUBLIN,8956266.25775146,18867.7625125541
25,e5d7e4fc-3093-4c47-8c53-004e059643f7,N,BLANCHARDSTOWN-MULHUDDART,13260402,DUBLIN,57099018.1572571,47489.9012675887
26,2ae19629-3eff-13a3-e055-000000000001,Y,BORRIS-IN-OSSORY-MOUNTMELLICK,13100400,LAOIS,907577813.137665,219158.883453074
27,2ae19629-3f24-13a3-e055-000000000001,Y,BOYLE,13190400,ROSCOMMON,1005595216.00385,270800.599552304
28,2ae19629-3ef4-13a3-e055-999220000001,Y,BRAY EAST,13250405,WICKLOW,4619049.17822266,14219.7860321656
29,2ae19629-3f3e-13a3-e055-000000000001,Y,BRAY WEST,13250401,WICKLOW,119309122.893799,61348.5200369796
30,2ae19629-3f46-13a3-e055-000000000001,Y,BUNCRANA,1350403,DONEGAL,414182595.338745,168799.262496331
31,e19bef46-260c-495d-89f0-3898e2708721,N,CABRA-GLASNEVIN,13260421,DUBLIN,17980534.3618164,21641.060003726
32,2ae19629-3ef4-13a3-e055-000005400001,Y,CAHIR,13210407,TIPPERARY,540336932.843414,140813.052352457
33,2ae19629-3f77-13a3-e055-000000000001,Y,CALLAN-THOMASTOWN,1390403,KILKENNY,771507794.380768,189011.296544587
34,2ae19629-3f09-13a3-e055-000000000001,Y,CAPPAMORE-KILMALLOCK,13120402,LIMERICK,1035013604.30652,266434.612900601
35,2ae19629-3f02-13a3-e055-000000000001,Y,CARLOW,1310400,CARLOW,62424599.5321655,58853.7591928551
36,2ae19629-3f45-13a3-e055-000000000001,Y,CARNDONAGH,1350402,DONEGAL,474218172.923828,249558.887742573
37,2ae19629-3f06-13a3-e055-000000000001,Y,CARRICK-ON-SHANNON,13110402,LEITRIM,285933830.981232,126608.610770837
38,2ae19629-3f2e-13a3-e055-000000000001,Y,CARRICK-ON-SUIR,13210402,TIPPERARY,582144539.689697,183926.363414913
39,2ae19629-3f1f-13a3-e055-000000000001,Y,CARRICKMACROSS-CASTLEBLAYNEY,13170401,MONAGHAN,347023888.049133,141053.284031227
40,2ae19629-3f66-13a3-e055-000000000001,Y,CARRIGALINE,1340403,CORK,182025615.881531,171147.064777574
41,2ae19629-3f30-13a3-e055-000000000001,Y,CASHEL-TIPPERARY,13210404,TIPPERARY,776925523.836243,197868.27781673
42,2ae19629-3f16-13a3-e055-000000000001,Y,CASTLEBAR,13150402,MAYO,950003106.33493,215316.075953595
43,2ae19629-3f74-13a3-e055-000000000001,Y,CASTLECOMER,1390400,KILKENNY,792752344.101654,234611.369334423
44,2ae19629-3f6c-13a3-e055-000000000001,Y,CASTLEISLAND,1370401,KERRY,680503135.279388,158661.780499028
45,3a625b75-d7a9-467e-be55-18381818d65b,N,CASTLEKNOCK,13260403,DUBLIN,23206840.4196472,31584.4469344857
46,2ae19629-3f29-13a3-e055-000000000001,Y,CAVAN-BELTURBET,1320400,CAVAN,679677263.544708,238232.686621122
47,91bb1ace-9216-4f70-ac9a-a3e18397a8d6,N,CELBRIDGE,1380401,KILDARE,41926040.3371277,44495.3088875884
48,2ae19629-3ef4-13a3-e055-999880000001,Y,CLANE,1380405,KILDARE,378107171.042664,111122.272225568
49,2ae19629-3f15-13a3-e055-000000000001,Y,CLAREMORRIS,13150401,MAYO,844778062.476501,193146.546102103
50,a4a6a231-170f-4ff3-be09-6d68f119c5b3,N,CLONDALKIN,13260416,DUBLIN,77866381.9797974,54873.1551351363
51,2ae19629-3f2f-13a3-e055-000000000001,Y,CLONMEL,13210403,TIPPERARY,250247653.253357,103034.819963703
52,2ae19629-3f5d-13a3-e055-000000000001,Y,CLONTARF,13260427,DUBLIN,14942167.4900818,27871.6873552873
53,2ae19629-3f67-13a3-e055-000000000001,Y,COBH,1340404,CORK,296653128.962067,140262.212028033
54,2ae19629-3f48-13a3-e055-000000000001,Y,CONAMARA NORTH,1360400,GALWAY,1525683719.04282,1039606.76226943
55,2ae19629-3ef4-13a3-e055-994560000001,Y,CONAMARA SOUTH,1360406,GALWAY,533307364.51416,502112.823447602
56,2ae19629-3ef4-13a3-e055-883360000001,Y,CORCA DHUIBHNE,1370404,KERRY,657546727.072311,413565.57885781
57,2ae19629-3ef4-13a3-e055-999440000001,Y,CORK CITY NORTH EAST,1340411,CORK,41031152.9963074,31387.4134130582
58,2ae19629-3ef4-13a3-e055-774560000001,Y,CORK CITY NORTH WEST,1340410,CORK,57592439.2846069,42142.6002812464
59,2ae19629-3ef4-13a3-e055-000001100001,Y,CORK CITY SOUTH CENTRAL,1340413,CORK,16890035.1854553,25382.2668131219
60,2ae19629-3ef4-13a3-e055-999990000001,Y,CORK CITY SOUTH EAST,1340412,CORK,32191221.4949646,28578.0354393802
61,2ae19629-3ef4-13a3-e055-000012000001,Y,CORK CITY SOUTH WEST,1340414,CORK,38893246.6516113,40736.1948088079
62,2ae19629-3f5e-13a3-e055-000000000001,Y,DONAGHMEDE,13260428,DUBLIN,9391520.18618774,21308.4119851567
63,2ae19629-3f47-13a3-e055-000000000001,Y,DONEGAL,1350404,DONEGAL,1090570024.14841,476246.249880696
64,2ae19629-3f13-13a3-e055-000000000001,Y,DROGHEDA RURAL,13140403,LOUTH,116963826.613159,76005.2509063637
65,2ae19629-3ef4-13a3-e055-997550000001,Y,DROGHEDA URBAN,13140404,LOUTH,9345859.4331665,17492.710324084
66,40aece0e-a19d-4e78-af9d-e129f5557496,N,DÚN LAOGHAIRE,13260409,DUBLIN,11537118.67453,33989.5603094129
67,4da0bce9-d4bd-47ec-bdd9-506dbfc65774,N,DUNDALK-CARLINGFORD,13140400,LOUTH,198496386.782043,109871.374808964
68,586997e6-b1be-42cc-b73d-c03f9abad412,N,DUNDALK SOUTH,13140401,LOUTH,122300784.856201,95563.6878132402
69,347867a1-33d7-4a6d-9e5a-15b239c1bd86,N,DUNDRUM,13260406,DUBLIN,8296794.23458862,16072.360206169
70,2ae19629-3f31-13a3-e055-000000000001,Y,DUNGARVAN,13220400,WATERFORD,401318721.184326,183352.710212086
71,2ae19629-3f23-13a3-e055-000000000001,Y,EDENDERRY,13180402,OFFALY,591116565.505585,142944.168236093
72,2ae19629-3f62-13a3-e055-000000000001,Y,ENNIS,1330403,CLARE,173025325.280579,111087.680675388
73,2ae19629-3ef4-13a3-e055-999550000001,Y,ENNISCORTHY,13240405,WEXFORD,422413195.626801,136903.365695871
74,2ae19629-3f5f-13a3-e055-000000000001,Y,ENNISTIMON,1330400,CLARE,906810623.191376,254677.520085003
75,2ae19629-3f64-13a3-e055-000000000001,Y,FERMOY,1340401,CORK,946152161.210999,230341.940976438
76,2ae19629-3f53-13a3-e055-000000000001,Y,FIRHOUSE-BOHERNABREENA,13260414,DUBLIN,54591719.7606506,39641.1121195706
77,2ae19629-3f69-13a3-e055-000000000001,Y,GALWAY CITY CENTRAL,1360421,GALWAY,19309004.3012085,27763.370843402
78,2ae19629-3f6a-13a3-e055-000000000001,Y,GALWAY CITY EAST,1360422,GALWAY,20306458.448822,33977.8116914391
79,2ae19629-3f4d-13a3-e055-000000000001,Y,GALWAY CITY WEST,1360420,GALWAY,11080414.4160461,25619.2048019744
80,72e71ecb-c6e3-47ee-a0de-ccbb51d918c5,N,GLENCULLEN-SANDYFORD,13260407,DUBLIN,54516218.6734924,38401.2216270545
81,2ae19629-3f43-13a3-e055-000000000001,Y,GLENTIES,1350400,DONEGAL,1309216683.20062,726744.840394553
82,2ae19629-3f39-13a3-e055-000000000001,Y,GOREY,13240400,WEXFORD,384165209.122284,117307.417207222
83,2ae19629-3ef4-13a3-e055-999330000001,Y,GORT-KINVARA,1360405,GALWAY,616792265.397858,304279.853991348
84,2ae19629-3f01-13a3-e055-000000000001,Y,GRAIGUECULLEN-PORTARLINGTON,13100402,LAOIS,518584934.958679,155431.574213008
85,2ae19629-3f0d-13a3-e055-000000000001,Y,GRANARD,13130400,LONGFORD,413053009.899261,137196.979197351
86,2ae19629-3ef4-13a3-e055-000000000001,Y,GREYSTONES,13250402,WICKLOW,65179976.5420532,55608.3042095923
87,199ec147-f6f0-4b60-8a67-fae3bd8625f8,N,HOWTH-MALAHIDE,13260404,DUBLIN,53016025.6108398,73667.2917222549
88,2ae19629-3f63-13a3-e055-000000000001,Y,KANTURK,1340400,CORK,924677467.744598,230418.95959944
89,2ae19629-3f18-13a3-e055-000000000001,Y,KELLS,13160400,MEATH,819914572.016907,242010.420298748
90,2ae19629-3f6e-13a3-e055-000000000001,Y,KENMARE,1370403,KERRY,1861529637.49529,826078.772118795
91,2ae19629-3f73-13a3-e055-000000000001,Y,KILDARE,1380404,KILDARE,275432427.880707,133687.019590306
92,2ae19629-3f75-13a3-e055-000000000001,Y,KILKENNY,1390401,KILKENNY,78477686.4599609,50261.0984046989
93,2ae19629-3f60-13a3-e055-000000000001,Y,KILLALOE,1330401,CLARE,967005974.465881,189304.878895432
94,2ae19629-3f6d-13a3-e055-000000000001,Y,KILLARNEY,1370402,KERRY,579077595.105072,164413.017081133
95,d65ef6e7-75e6-49d9-bda9-d4690e8f68dc,N,KILLINEY-SHANKILL,13260408,DUBLIN,31760839.2213135,30286.9595780339
96,2ae19629-3f3a-13a3-e055-000000000001,Y,KILMUCKRIDGE,13240401,WEXFORD,400476464.637726,116497.935617764
97,2ae19629-3ef4-13a3-e055-000000044001,Y,KILRUSH,1330404,CLARE,1142909206.57675,273975.319212709
98,2ae19629-3f59-13a3-e055-000000000001,Y,KIMMAGE-RATHMINES,13260423,DUBLIN,10370127.423645,15848.094181417
99,2ae19629-3f38-13a3-e055-000000000001,Y,KINNEGAD,13230402,WESTMEATH,713836293.786743,214946.294128055
100,9821f9f9-aacc-4b08-94ac-e3b1ba87db1e,N,LAYTOWN-BETTYSTOWN,13160401,MEATH,304261735.256714,154316.01909005
101,bb88684e-1db0-4eb4-8ac0-170ecc746e9d,N,LEIXLIP,1380406,KILDARE,11381803.03479,18138.8315637932
102,2ae19629-3ef4-13a3-e055-700012002301,Y,LETTERKENNY,1350405,DONEGAL,348864600.554962,150473.423164095
103,2ae19629-3ef4-13a3-e055-075000000001,Y,LIFFORD-STRANORLAR,1350406,DONEGAL,708123796.357605,175944.600904855
104,2ae19629-3f0c-13a3-e055-000000000001,Y,LIMERICK CITY EAST,13120422,LIMERICK,125704613.622742,79487.0720570506
105,2ae19629-3f0b-13a3-e055-000000000001,Y,LIMERICK CITY NORTH,13120421,LIMERICK,21080658.5307007,24678.0368197384
106,2ae19629-3f0a-13a3-e055-000000000001,Y,LIMERICK CITY WEST,13120420,LIMERICK,78212730.4970398,56678.3396753516
107,2ae19629-3ef4-13a3-e055-000005300001,Y,LISMORE,13220402,WATERFORD,519828966.45517,180321.278907099
108,2ae19629-3f6b-13a3-e055-000000000001,Y,LISTOWEL,1370400,KERRY,815529516.604584,210929.451951319
109,2ae19629-3f0f-13a3-e055-000000000001,Y,LONGFORD,13130402,LONGFORD,171731551.502258,100672.603743688
110,2ae19629-3f4b-13a3-e055-000000000001,Y,LOUGHREA,1360403,GALWAY,932198672.980103,207800.304818135
111,c665104c-3989-4df1-aaa7-cd0488590025,N,LUCAN,13260411,DUBLIN,19998719.727478,23158.9540804465
112,2ae19629-3ef4-13a3-e055-222220000001,Y,MACROOM,1340408,CORK,1195936778.27417,243955.900836881
113,2ae19629-3ef4-13a3-e055-444440000001,Y,MALLOW,1340409,CORK,571352712.858948,170191.558497965
114,2ae19629-3f04-13a3-e055-000000000001,Y,MANORHAMILTON,13110400,LEITRIM,756209727.283508,164908.087513518
115,2ae19629-3f6f-13a3-e055-000000000001,Y,MAYNOOTH,1380400,KILDARE,164022660.813751,74815.9116407394
116,2ae19629-3f65-13a3-e055-000000000001,Y,MIDLETON,1340402,CORK,552703427.666107,192050.75277974
117,2ae19629-3f44-13a3-e055-000000000001,Y,MILFORD,1350401,DONEGAL,515697824.219574,384265.853173629
118,2ae19629-3f37-13a3-e055-000000000001,Y,MOATE,13230401,WESTMEATH,731359964.568787,204531.506920202
119,2ae19629-3f1e-13a3-e055-000000000001,Y,MONAGHAN,13170400,MONAGHAN,404888294.976624,155342.395826798
120,2ae19629-3ef4-13a3-e055-553330000001,Y,MUINEBEAG,1310402,CARLOW,418711216.165192,133474.26745517
121,2ae19629-3ef4-13a3-e055-900000000111,Y,MULLINGAR,13230403,WESTMEATH,171292841.592468,69174.1774094224
122,2ae19629-3f71-13a3-e055-000000000001,Y,NAAS,1380402,KILDARE,188255341.438934,89480.4229813935
123,2ae19629-3f1d-13a3-e055-000000000001,Y,NAVAN,13160405,MEATH,119787463.615143,61054.9937299217
124,2ae19629-3f2c-13a3-e055-000000000001,Y,NENAGH,13210400,TIPPERARY,636109994.018036,157068.081095475
125,2ae19629-3f3b-13a3-e055-000000000001,Y,NEW ROSS,13240402,WEXFORD,614778016.092834,195691.095433821
126,2ae19629-3ef4-13a3-e055-777770000001,Y,NEWBRIDGE,1380407,KILDARE,170644739.094482,81866.7051680629
127,2ae19629-3f07-13a3-e055-000000000001,Y,NEWCASTLE WEST,13120400,LIMERICK,737389404.279907,206823.976106344
128,2ae19629-3ef4-13a3-e055-662310000001,Y,NEWPORT,13210405,TIPPERARY,569462035.185242,144687.475337255
129,2ae19629-3f5c-13a3-e055-000000000001,Y,NORTH INNER CITY,13260426,DUBLIN,8839764.95266724,22841.3598785546
130,afa89310-c490-44c8-aeb2-78856be08e9b,N,ONGAR,13260418,DUBLIN,7873486.92617798,14126.1275878142
131,31e7c7c2-c64b-416e-8dcc-c3d78c9bc358,N,PALMERSTOWN-FONTHILL,13260419,DUBLIN,8047742.97290039,15446.4333607751
132,2ae19629-3f5a-13a3-e055-000000000001,Y,PEMBROKE,13260424,DUBLIN,9408140.61437988,16171.3057227642
133,2ae19629-3f76-13a3-e055-000000000001,Y,PILTOWN,1390402,KILKENNY,428362376.334808,119901.676803643
134,2ae19629-3f00-13a3-e055-000000000001,Y,PORTLAOISE,13100401,LAOIS,292964379.968781,123943.788921435
135,2ae19629-3f32-13a3-e055-000000000001,Y,PORTLAW-KILMACTHOMAS,13220401,WATERFORD,712877641.983582,178692.905493077
136,95e98599-40d4-4e66-941c-9800a149ea92,N,RATHFARNHAM-TEMPLEOGUE,13260413,DUBLIN,14523590.2365417,24800.3737626653
137,e7c5c260-72c3-403b-b8a8-1eda714b0fec,N,RATOATH,13160403,MEATH,296949249.209351,112139.280698936
138,2ae19629-3f25-13a3-e055-000000000001,Y,ROSCOMMON,13190401,ROSCOMMON,845918118.276367,261994.643248844
139,2ae19629-3f2d-13a3-e055-000000000001,Y,ROSCREA-TEMPLEMORE,13210401,TIPPERARY,492845201.678101,156337.407387458
140,873195fc-2a79-408b-a643-b0c5b898b4d4,N,ROSSLARE,13240403,WEXFORD,390645497.272797,166589.982429016
141,2ae19629-3ef7-13a3-e055-000000000001,Y,RUSH-LUSK,13260400,DUBLIN,192012572.153992,151467.037433874
142,2ae19629-3f61-13a3-e055-000000000001,Y,SHANNON,1330402,CLARE,258805142.810211,121482.075713556
143,2ae19629-3f42-13a3-e055-000000000001,Y,SKIBBEREEN-WEST CORK,1340407,CORK,759069887.742966,448092.508197662
144,2ae19629-3f28-13a3-e055-000000000001,Y,SLIGO-DRUMCLIFF,13200401,SLIGO,389702264.662689,256617.83546071
145,2ae19629-3ef4-13a3-e055-007589300001,Y,SLIGO-STRANDHILL,13200402,SLIGO,36814244.7805481,50908.3897726167
146,2ae19629-3f5b-13a3-e055-000000000001,Y,SOUTH EAST INNER CITY,13260425,DUBLIN,6908777.00283813,22835.2242426648
147,8fd7b64e-066f-4e6a-8564-5f59913eed0f,N,SOUTH WEST INNER CITY,13260430,DUBLIN,5115468.12182617,11941.9933458942
148,2ae19629-3efc-13a3-e055-000000000001,Y,STILLORGAN,13260405,DUBLIN,11494745.7225952,22533.0181639911
149,2ae19629-3ef4-13a3-e055-999110000001,Y,SWINFORD,13150405,MAYO,663434013.182007,228584.79585635
150,07103324-0802-4bb8-a1f1-13614eb67b7c,N,SWORDS,13260401,DUBLIN,68324684.4509583,57226.6591414259
151,f499b78c-07d6-4e53-a140-b5463468f2c0,N,TALLAGHT CENTRAL,13260412,DUBLIN,14574028.8890381,24017.7151295489
152,dfb0e9cc-e456-4386-a73f-b61cfb7a3b08,N,TALLAGHT SOUTH,13260415,DUBLIN,33846038.0713196,34711.5008875788
153,2ae19629-3ef4-13a3-e055-000005500001,Y,THURLES,13210406,TIPPERARY,455323922.748688,167398.843517474
154,2ae19629-3ef4-13a3-e055-000005600001,Y,TRALEE,1370405,KERRY,211250061.503571,145663.294920589
155,2ae19629-3f33-13a3-e055-000000000001,Y,TRAMORE-WATERFORD CITY WEST,13220420,WATERFORD,77467889.9021912,88589.7670472532
156,2ae19629-3f1c-13a3-e055-000000000001,Y,TRIM,13160404,MEATH,499498442.062805,154475.07235165
157,2ae19629-3f49-13a3-e055-000000000001,Y,TUAM,1360401,GALWAY,780692552.581299,175258.160926168
158,2ae19629-3f22-13a3-e055-000000000001,Y,TULLAMORE,13180401,OFFALY,399429567.831268,119370.964468814
159,2ae19629-3f03-13a3-e055-000000000001,Y,TULLOW,1310401,CARLOW,415169024.628845,163328.709979756
160,2ae19629-3f35-13a3-e055-000000000001,Y,WATERFORD CITY EAST,13220422,WATERFORD,111277723.409454,76785.8444344083
161,2ae19629-3f34-13a3-e055-000000000001,Y,WATERFORD CITY SOUTH,13220421,WATERFORD,34987097.1498108,36124.2036947278
162,2ae19629-3ef4-13a3-e055-111110000001,Y,WESTPORT,13150404,MAYO,784759776.956451,467631.638828119
163,11110837-4c13-4ee9-be5c-57ddf0778774,N,WEXFORD,13240404,WEXFORD,157289684.063965,108233.863452714
164,2ae19629-3ef5-13a3-e055-000000000001,Y,WICKLOW,13250403,WICKLOW,434096004.474335,147399.534886868
165,2ae19629-3f36-13a3-e055-000000000001,Y,ATHLONE,13230400,WESTMEATH,221819914.075531,82840.7087663244
166,2ae19629-3f26-13a3-e055-000000000001,Y,ATHLONE,13190402,ROSCOMMON,695622438.795563,184745.133239332
