CSO_LEA,Cities,Satellite urban towns,Independent urban towns,Rural areas with high urban influence,Rural areas with moderate urban influence,Highly rural/remote areas
ADARE-RATHKEALE,0.0,0.0,0.0,18891.0,7542.0,2415.0
ARDEE,0.0,0.0,7572.0,11726.0,7380.0,210.0
ARKLOW,0.0,2252.0,13316.0,8054.0,3603.0,374.0
ARTANE-WHITEHALL,51630.0,0.0,0.0,0.0,0.0,0.0
ASHBOURNE,0.0,18964.0,404.0,13098.0,706.0,0.0
ATHENRY-ORANMORE,1126.0,10276.0,0.0,23266.0,165.0,0.0
ATHLONE,0.0,0.0,22664.0,10860.0,10552.0,903.0
ATHY,0.0,0.0,12666.0,10372.0,4993.0,454.0
BAILIEBOROUGH-COOTEHILL,0.0,0.0,7751.0,2899.0,8491.0,6909.0
BALBRIGGAN,0.0,37085.0,0.0,2896.0,225.0,0.0
BALLINA,0.0,0.0,10500.0,1225.0,7700.0,6177.0
BALLINAMORE,0.0,0.0,0.0,0.0,1632.0,9051.0
BALLINASLOE,0.0,0.0,6526.0,6884.0,10839.0,5387.0
BALLYBAY-CLONES,0.0,0.0,1868.0,890.0,7472.0,8058.0
BALLYFERMOT-DRIMNAGH,48280.0,0.0,0.0,0.0,0.0,0.0
BALLYJAMESDUFF,0.0,0.0,7705.0,3600.0,7779.0,8632.0
BALLYMAHON,0.0,0.0,4832.0,3039.0,7088.0,2809.0
BALLYMOTE-TOBERCURRY,0.0,0.0,3989.0,1466.0,7342.0,15379.0
BALLYMUN-FINGLAS,56021.0,0.0,0.0,0.0,0.0,0.0
BALTINGLASS,0.0,5088.0,2580.0,10589.0,6543.0,2992.0
BANDON-KINSALE,0.0,13856.0,0.0,19848.0,5145.0,864.0
BANTRY-WEST CORK,0.0,0.0,2858.0,457.0,3986.0,16120.0
BELMULLET,0.0,0.0,0.0,0.0,552.0,11835.0
BIRR,0.0,0.0,6547.0,3686.0,10166.0,6395.0
BLACKROCK,33642.0,0.0,0.0,0.0,0.0,0.0
BLANCHARDSTOWN-MULHUDDART,38099.0,0.0,0.0,1621.0,0.0,0.0
BORRIS-IN-OSSORY-MOUNTMELLICK,0.0,0.0,6955.0,5813.0,9524.0,4012.0
BOYLE,0.0,0.0,6070.0,607.0,6422.0,11048.0
BRAY EAST,0.0,17520.0,0.0,0.0,0.0,0.0
BRAY WEST,0.0,14572.0,0.0,4196.0,0.0,0.0
BUNCRANA,0.0,0.0,6897.0,6145.0,6775.0,2536.0
CABRA-GLASNEVIN,62396.0,0.0,0.0,0.0,0.0,0.0
CAHIR,0.0,0.0,3635.0,1520.0,7434.0,2652.0
CALLAN-THOMASTOWN,0.0,0.0,6505.0,7579.0,10454.0,1994.0
CAPPAMORE-KILMALLOCK,0.0,1564.0,1755.0,22690.0,7992.0,2281.0
CARLOW,0.0,0.0,22211.0,1511.0,752.0,384.0
CARNDONAGH,0.0,0.0,2744.0,273.0,4594.0,9823.0
CARRICK-ON-SHANNON,0.0,0.0,3884.0,453.0,4566.0,3587.0
CARRICK-ON-SUIR,0.0,0.0,7420.0,2309.0,4720.0,5570.0
CARRICKMACROSS-CASTLEBLAYNEY,0.0,0.0,9581.0,4823.0,7063.0,1837.0
CARRIGALINE,938.0,27294.0,0.0,10076.0,478.0,0.0
CASHEL-TIPPERARY,0.0,0.0,10107.0,6040.0,9081.0,3693.0
CASTLEBAR,0.0,0.0,12907.0,5949.0,8499.0,4341.0
CASTLECOMER,0.0,0.0,0.0,8610.0,12964.0,3134.0
CASTLEISLAND,0.0,0.0,2510.0,3642.0,8148.0,3310.0
CASTLEKNOCK,46284.0,0.0,0.0,447.0,0.0,0.0
CAVAN-BELTURBET,0.0,0.0,13254.0,400.0,4457.0,9094.0
CELBRIDGE,0.0,20763.0,0.0,1743.0,0.0,0.0
CLANE,0.0,10499.0,3510.0,15090.0,1889.0,0.0
CLAREMORRIS,0.0,0.0,9628.0,2860.0,9666.0,6795.0
CLONDALKIN,34791.0,14161.0,0.0,2829.0,0.0,0.0
CLONMEL,0.0,0.0,17504.0,2800.0,3780.0,745.0
CLONTARF,56398.0,0.0,0.0,0.0,0.0,0.0
COBH,4701.0,21374.0,0.0,10778.0,0.0,0.0
CONAMARA NORTH,0.0,1819.0,0.0,3112.0,1476.0,11127.0
CONAMARA SOUTH,365.0,4571.0,0.0,7853.0,4153.0,6030.0
CORCA DHUIBHNE,0.0,0.0,1406.0,1092.0,4155.0,7770.0
CORK CITY NORTH EAST,43442.0,0.0,0.0,282.0,0.0,0.0
CORK CITY NORTH WEST,34615.0,6049.0,0.0,1402.0,0.0,0.0
CORK CITY SOUTH CENTRAL,39873.0,0.0,0.0,0.0,0.0,0.0
CORK CITY SOUTH EAST,44992.0,0.0,0.0,0.0,0.0,0.0
CORK CITY SOUTH WEST,50283.0,0.0,0.0,0.0,0.0,0.0
DONAGHMEDE,46726.0,0.0,0.0,0.0,0.0,0.0
DONEGAL,0.0,0.0,7384.0,846.0,6130.0,12953.0
DROGHEDA RURAL,0.0,0.0,13363.0,5805.0,589.0,0.0
DROGHEDA URBAN,0.0,0.0,28387.0,0.0,0.0,0.0
DUNDALK SOUTH,0.0,0.0,30170.0,5287.0,2249.0,141.0
DUNDALK-CARLINGFORD,0.0,0.0,14039.0,4378.0,6084.0,1327.0
DUNDRUM,31470.0,0.0,0.0,0.0,0.0,0.0
DUNGARVAN,0.0,0.0,9944.0,4254.0,5842.0,2046.0
DÚN LAOGHAIRE,45712.0,0.0,0.0,0.0,0.0,0.0
EDENDERRY,0.0,0.0,9945.0,10330.0,3451.0,1339.0
ENNIS,0.0,0.0,27548.0,4981.0,817.0,194.0
ENNISCORTHY,0.0,0.0,13689.0,4434.0,8359.0,2570.0
ENNISTIMON,0.0,0.0,0.0,1982.0,4385.0,11253.0
FERMOY,0.0,1944.0,10368.0,15258.0,9868.0,1229.0
FIRHOUSE-BOHERNABREENA,35914.0,0.0,0.0,1454.0,0.0,0.0
GALWAY CITY CENTRAL,28413.0,0.0,0.0,0.0,0.0,0.0
GALWAY CITY EAST,27694.0,0.0,0.0,0.0,0.0,0.0
GALWAY CITY WEST,26072.0,0.0,0.0,0.0,0.0,0.0
GLENCULLEN-SANDYFORD,46539.0,0.0,0.0,1351.0,0.0,0.0
GLENTIES,0.0,0.0,0.0,0.0,586.0,24093.0
GOREY,0.0,0.0,15759.0,8612.0,5257.0,1273.0
GORT-KINVARA,0.0,1613.0,2842.0,17900.0,2571.0,798.0
GRAIGUECULLEN-PORTARLINGTON,0.0,0.0,11956.0,11244.0,6779.0,657.0
GRANARD,0.0,0.0,0.0,1490.0,4257.0,5704.0
GREYSTONES,0.0,26856.0,0.0,3229.0,0.0,0.0
HOWTH-MALAHIDE,23968.0,40532.0,0.0,4310.0,0.0,0.0
KANTURK,0.0,0.0,6716.0,6068.0,8996.0,4634.0
KELLS,0.0,0.0,9137.0,15033.0,8488.0,1660.0
KENMARE,0.0,0.0,4603.0,664.0,7052.0,14114.0
KILDARE,0.0,0.0,18767.0,9197.0,1643.0,0.0
KILKENNY,0.0,0.0,26697.0,1380.0,1057.0,0.0
KILLALOE,0.0,1637.0,0.0,10336.0,5964.0,3754.0
KILLARNEY,0.0,0.0,13456.0,6699.0,7613.0,2016.0
KILLINEY-SHANKILL,35447.0,3008.0,0.0,468.0,0.0,0.0
KILMUCKRIDGE,0.0,0.0,0.0,4526.0,11077.0,2702.0
KILRUSH,0.0,0.0,2624.0,4594.0,5698.0,9038.0
KIMMAGE-RATHMINES,59019.0,0.0,0.0,0.0,0.0,0.0
KINNEGAD,0.0,3036.0,1568.0,8492.0,7207.0,2914.0
LAYTOWN-BETTYSTOWN,0.0,15542.0,12577.0,10215.0,2059.0,0.0
LEIXLIP,0.0,16258.0,0.0,351.0,0.0,0.0
LETTERKENNY,0.0,0.0,22252.0,3156.0,5341.0,1156.0
LIFFORD-STRANORLAR,0.0,0.0,8605.0,2340.0,7458.0,8216.0
LIMERICK CITY EAST,27366.0,5834.0,0.0,5794.0,172.0,0.0
LIMERICK CITY NORTH,36017.0,0.0,0.0,0.0,0.0,0.0
LIMERICK CITY WEST,33212.0,0.0,0.0,4558.0,214.0,146.0
LISMORE,0.0,0.0,0.0,672.0,7313.0,3297.0
LISTOWEL,0.0,0.0,6322.0,610.0,11253.0,10824.0
LONGFORD,0.0,0.0,10822.0,705.0,3427.0,2200.0
LOUGHREA,0.0,6278.0,1680.0,9309.0,6790.0,1277.0
LUCAN,55186.0,0.0,0.0,206.0,0.0,0.0
MACROOM,601.0,4072.0,1702.0,27751.0,4567.0,852.0
MALLOW,0.0,13370.0,0.0,14463.0,3128.0,343.0
MANORHAMILTON,0.0,0.0,1641.0,395.0,3800.0,5710.0
MAYNOOTH,0.0,25006.0,0.0,9706.0,0.0,0.0
MIDLETON,0.0,17338.0,8494.0,19670.0,3563.0,0.0
MILFORD,0.0,0.0,0.0,1110.0,5244.0,7916.0
MOATE,0.0,0.0,4559.0,9506.0,4669.0,1543.0
MONAGHAN,0.0,0.0,7726.0,1615.0,8007.0,5676.0
MUINEBEAG,0.0,0.0,3203.0,6075.0,4810.0,2373.0
MULLINGAR,0.0,0.0,22470.0,3590.0,1571.0,268.0
NAAS,0.0,36499.0,0.0,8655.0,507.0,0.0
NAVAN,0.0,33707.0,0.0,4992.0,394.0,0.0
NENAGH,0.0,0.0,9813.0,2341.0,8262.0,2759.0
NEW ROSS,0.0,0.0,8207.0,4773.0,11768.0,4890.0
NEWBRIDGE,0.0,28050.0,0.0,9109.0,135.0,0.0
NEWCASTLE WEST,0.0,0.0,9346.0,4619.0,10734.0,4103.0
NEWPORT,0.0,5106.0,0.0,9409.0,2496.0,405.0
NORTH INNER CITY,71266.0,0.0,0.0,0.0,0.0,0.0
ONGAR,43723.0,0.0,0.0,0.0,0.0,0.0
PALMERSTOWN-FONTHILL,21982.0,0.0,0.0,0.0,0.0,0.0
PEMBROKE,44232.0,0.0,0.0,0.0,0.0,0.0
PILTOWN,5726.0,0.0,0.0,12793.0,3914.0,229.0
PORTLAOISE,0.0,0.0,25178.0,6466.0,2550.0,150.0
PORTLAW-KILMACTHOMAS,0.0,1872.0,720.0,7717.0,6443.0,1509.0
RATHFARNHAM-TEMPLEOGUE,52298.0,0.0,0.0,0.0,0.0,0.0
RATOATH,227.0,24637.0,0.0,14004.0,195.0,0.0
ROSCOMMON,0.0,0.0,9612.0,627.0,7470.0,6790.0
ROSCREA-TEMPLEMORE,0.0,0.0,7509.0,3088.0,4868.0,1708.0
ROSSLARE,0.0,0.0,3990.0,2822.0,9395.0,7142.0
RUSH-LUSK,0.0,29158.0,0.0,10489.0,305.0,0.0
SHANNON,4234.0,2814.0,11989.0,10836.0,1201.0,103.0
SKIBBEREEN-WEST CORK,0.0,0.0,9844.0,5786.0,9525.0,7386.0
SLIGO-DRUMCLIFF,0.0,0.0,4118.0,1978.0,7423.0,5017.0
SLIGO-STRANDHILL,0.0,0.0,21586.0,349.0,0.0,578.0
SOUTH EAST INNER CITY,40542.0,0.0,0.0,0.0,0.0,0.0
SOUTH WEST INNER CITY,43727.0,0.0,0.0,0.0,0.0,0.0
STILLORGAN,32190.0,0.0,0.0,0.0,0.0,0.0
SWINFORD,0.0,0.0,0.0,0.0,2809.0,15008.0
SWORDS,6631.0,36341.0,0.0,5167.0,0.0,0.0
TALLAGHT CENTRAL,35866.0,0.0,0.0,0.0,0.0,0.0
TALLAGHT SOUTH,43072.0,0.0,0.0,345.0,0.0,0.0
THURLES,0.0,0.0,8138.0,2300.0,5892.0,3534.0
TRALEE,0.0,0.0,25675.0,3726.0,4294.0,1708.0
TRAMORE-WATERFORD CITY WEST,10882.0,11176.0,0.0,2302.0,172.0,0.0
TRIM,0.0,16681.0,0.0,15475.0,901.0,208.0
TUAM,0.0,9572.0,0.0,19045.0,5870.0,828.0
TULLAMORE,0.0,0.0,18804.0,7062.0,4048.0,794.0
TULLOW,0.0,0.0,5610.0,5516.0,7079.0,1899.0
WATERFORD CITY EAST,17721.0,1702.0,0.0,4697.0,0.0,0.0
WATERFORD CITY SOUTH,25131.0,0.0,0.0,662.0,0.0,0.0
WESTPORT,0.0,0.0,6566.0,1876.0,6563.0,4417.0
WEXFORD,0.0,0.0,23187.0,3499.0,3367.0,1218.0
WICKLOW,0.0,21094.0,0.0,10614.0,516.0,0.0
