GEOGID,COUNTY,GEOGDESC,urban_index,Age 5 - Males
13120401,LIMERICK,ADARE-RATHKEALE,0.31422628951747095,206
13140402,LOUTH,ARDEE,0.3983040761678072,163
13250404,WICKLOW,ARKLOW,0.49760498568788725,171
13260429,DUBLIN,ARTANE-WHITEHALL,1.0,240
13160402,MEATH,ASHBOURNE,0.6268539732304355,282
1360404,GALWAY,ATHENRY-ORANMORE,0.536451066517383,271
13190402,ROSCOMMON,ATHLONE,0.4458258298316993,136
13230400,WESTMEATH,ATHLONE,0.4458258298316993,180
1380403,KILDARE,ATHY,0.4474986835176409,199
1320401,CAVAN,BAILIEBOROUGH-COOTEHILL,0.2882303262955854,193
13260417,DUBLIN,BALBRIGGAN,0.7678306720389992,320
13150400,MAYO,BALLINA,0.3253652058432935,161
13110401,LEITRIM,BALLINAMORE,0.030553215388935694,63
1360402,GALWAY,BALLINASLOE,0.298184640302335,201
13170402,MONAGHAN,BALLYBAY-CLONES,0.16246719160104986,120
13260422,DUBLIN,BALLYFERMOT-DRIMNAGH,1.0,259
1320402,CAVAN,BALLYJAMESDUFF,0.2748881512483764,193
13130401,LONGFORD,BALLYMAHON,0.31136875281404774,121
13200400,SLIGO,BALLYMOTE-TOBERCURRY,0.1578719477569563,201
13260420,DUBLIN,BALLYMUN-FINGLAS,1.0,295
13250400,WICKLOW,BALTINGLASS,0.40164795624640187,203
1340405,CORK,BANDON-KINSALE,0.504948001913731,294
1340406,CORK,BANTRY-WEST CORK,0.11505913496434825,150
13150403,MAYO,BELMULLET,0.00891256962945023,59
13180400,OFFALY,BIRR,0.27751735463163396,184
13260410,DUBLIN,BLACKROCK,1.0,194
13260402,DUBLIN,BLANCHARDSTOWN-MULHUDDART,0.9755135951661632,309
13100400,LAOIS,BORRIS-IN-OSSORY-MOUNTMELLICK,0.31945711678832117,172
13190400,ROSCOMMON,BOYLE,0.21407214146684891,168
13250405,WICKLOW,BRAY EAST,0.8,83
13250401,WICKLOW,BRAY WEST,0.7105711849957375,105
1350403,DONEGAL,BUNCRANA,0.35571064286672927,153
13260421,DUBLIN,CABRA-GLASNEVIN,1.0,269
13210407,TIPPERARY,CAHIR,0.2805458959385867,96
1390403,KILKENNY,CALLAN-THOMASTOWN,0.3401703603196141,191
13120402,LIMERICK,CAPPAMORE-KILMALLOCK,0.3577145692078717,226
1310400,CARLOW,CARLOW,0.5664735698769008,150
1350402,DONEGAL,CARNDONAGH,0.1534013995640702,126
13110402,LEITRIM,CARRICK-ON-SHANNON,0.27420336269015216,93
13210402,TIPPERARY,CARRICK-ON-SUIR,0.3156801039012938,122
13170401,MONAGHAN,CARRICKMACROSS-CASTLEBLAYNEY,0.39007895640233436,154
1340403,CORK,CARRIGALINE,0.6935285927912134,272
13210404,TIPPERARY,CASHEL-TIPPERARY,0.3560181183223264,177
13150402,MAYO,CASTLEBAR,0.3730312973245835,219
1390400,KILKENNY,CASTLECOMER,0.2443257244617128,147
1370401,KERRY,CASTLEISLAND,0.26078364565587736,88
13260403,DUBLIN,CASTLEKNOCK,0.9942607690826218,320
1320400,CAVAN,CAVAN-BELTURBET,0.3309612203639037,213
1380401,KILDARE,CELBRIDGE,0.7690215942415357,167
1380405,KILDARE,CLANE,0.5459855427907577,218
13150401,MAYO,CLAREMORRIS,0.30584821582783517,200
13260416,DUBLIN,CLONDALKIN,0.9125238987273324,422
13210403,TIPPERARY,CLONMEL,0.49854605501631155,158
13260427,DUBLIN,CLONTARF,1.0,336
1340404,CORK,COBH,0.7085284780072179,254
1360400,GALWAY,CONAMARA NORTH,0.17082240219003078,107
1360406,GALWAY,CONAMARA SOUTH,0.34797144349643044,145
1370404,KERRY,CORCA DHUIBHNE,0.14639118075296403,106
1340411,CORK,CORK CITY NORTH EAST,0.9961302717043272,222
1340410,CORK,CORK CITY NORTH WEST,0.9512432843626681,224
1340413,CORK,CORK CITY SOUTH CENTRAL,1.0,183
1340412,CORK,CORK CITY SOUTH EAST,1.0,253
1340414,CORK,CORK CITY SOUTH WEST,1.0,294
13260428,DUBLIN,DONAGHMEDE,1.0,273
1350404,DONEGAL,DONEGAL,0.2194852268150697,176
13140403,LOUTH,DROGHEDA RURAL,0.5293111302323227,128
13140404,LOUTH,DROGHEDA URBAN,0.6,167
13140401,LOUTH,DUNDALK SOUTH,0.5460564906069173,284
13140400,LOUTH,DUNDALK-CARLINGFORD,0.44104847452377266,155
13260406,DUBLIN,DUNDRUM,1.0,202
13220400,WATERFORD,DUNGARVAN,0.40009055510278,138
13260409,DUBLIN,DÚN LAOGHAIRE,1.0,282
13180402,OFFALY,EDENDERRY,0.43044883303411136,155
1330403,CLARE,ENNIS,0.5570840787119857,211
13240405,WEXFORD,ENNISCORTHY,0.4013079994492634,172
1330400,CLARE,ENNISTIMON,0.0947673098751419,110
1340401,CORK,FERMOY,0.40998267256316756,243
13260414,DUBLIN,FIRHOUSE-BOHERNABREENA,0.9766538214515093,310
1360421,GALWAY,GALWAY CITY CENTRAL,1.0,107
1360422,GALWAY,GALWAY CITY EAST,1.0,163
1360420,GALWAY,GALWAY CITY WEST,1.0,167
13260407,DUBLIN,GLENCULLEN-SANDYFORD,0.9830737105867614,344
1350400,DONEGAL,GLENTIES,0.004748976862919891,131
13240400,WEXFORD,GOREY,0.4514934791754312,198
1360405,GALWAY,GORT-KINVARA,0.4147799720105738,201
13100402,LAOIS,GRAIGUECULLEN-PORTARLINGTON,0.4252186969578274,215
13130400,LONGFORD,GRANARD,0.12639944109684745,84
13250402,WICKLOW,GREYSTONES,0.7570683064650159,255
13260404,DUBLIN,HOWTH-MALAHIDE,0.8446097950879233,494
1340400,CORK,KANTURK,0.3125615204058454,170
13160400,MEATH,KELLS,0.38443382481496596,238
1370403,KERRY,KENMARE,0.16788862406839933,159
1380404,KILDARE,KILDARE,0.5156753470463066,209
1390401,KILKENNY,KILKENNY,0.5760142788494542,195
1330401,CLARE,KILLALOE,0.30597021806279107,136
1370402,KERRY,KILLARNEY,0.4121608917539619,190
13260408,DUBLIN,KILLINEY-SHANKILL,0.9773295994656116,235
13240401,WEXFORD,KILMUCKRIDGE,0.21992898115269052,142
1330404,CLARE,KILRUSH,0.2073244055752938,154
13260423,DUBLIN,KIMMAGE-RATHMINES,1.0,276
13230402,WESTMEATH,KINNEGAD,0.3535254339492614,144
13160401,MEATH,LAYTOWN-BETTYSTOWN,0.6059861857252494,297
1380406,KILDARE,LEIXLIP,0.7915467517610935,93
1350405,DONEGAL,LETTERKENNY,0.49151543645196677,228
1350406,DONEGAL,LIFFORD-STRANORLAR,0.28515721852811904,181
13120422,LIMERICK,LIMERICK CITY EAST,0.8779349435735078,247
13120421,LIMERICK,LIMERICK CITY NORTH,1.0,191
13120420,LIMERICK,LIMERICK CITY WEST,0.9199580382900603,236
13220402,WATERFORD,LISMORE,0.15346569757135262,76
1370400,KERRY,LISTOWEL,0.21675342135199419,184
13130402,LONGFORD,LONGFORD,0.4349189693365979,142
1360403,GALWAY,LOUGHREA,0.4386200363148338,170
13260411,DUBLIN,LUCAN,0.9977686308492202,392
1340408,CORK,MACROOM,0.4271993930964724,287
1340409,CORK,MALLOW,0.5464732941477127,216
13110400,LEITRIM,MANORHAMILTON,0.16478434089728045,73
1380400,KILDARE,MAYNOOTH,0.6881539525236231,248
1340402,CORK,MIDLETON,0.5614470600224193,318
1350401,DONEGAL,MILFORD,0.10461107217939733,84
13230401,WESTMEATH,MOATE,0.36847659910243136,141
13170400,MONAGHAN,MONAGHAN,0.2989489228630994,160
1310402,CARLOW,MUINEBEAG,0.32281149383391045,121
13230403,WESTMEATH,MULLINGAR,0.5459765582995807,194
1380402,KILDARE,NAAS,0.7175182321893958,315
13160405,MEATH,NAVAN,0.7428746834471645,278
13210400,TIPPERARY,NENAGH,0.36576483279395905,162
13240402,WEXFORD,NEW ROSS,0.3099736824347122,191
1380407,KILDARE,NEWBRIDGE,0.7001287070306215,243
13120400,LIMERICK,NEWCASTLE WEST,0.3333796264148323,188
13210405,TIPPERARY,NEWPORT,0.4793063849333946,127
13260426,DUBLIN,NORTH INNER CITY,1.0,290
13260418,DUBLIN,ONGAR,1.0,334
13260419,DUBLIN,PALMERSTOWN-FONTHILL,1.0,128
13260424,DUBLIN,PEMBROKE,1.0,194
1390402,KILKENNY,PILTOWN,0.5130173859323979,160
13100401,LAOIS,PORTLAOISE,0.5300256231073841,254
13220401,WATERFORD,PORTLAW-KILMACTHOMAS,0.34527134329992887,124
13260413,DUBLIN,RATHFARNHAM-TEMPLEOGUE,1.0,317
13160403,MEATH,RATOATH,0.6547679389703813,277
13190401,ROSCOMMON,ROSCOMMON,0.30662476019429363,167
13210401,TIPPERARY,ROSCREA-TEMPLEMORE,0.3909742036918418,123
13240403,WEXFORD,ROSSLARE,0.2313503790312219,140
13260400,DUBLIN,RUSH-LUSK,0.6904034841810173,298
1330402,CLARE,SHANNON,0.5854700580556179,210
1340407,CORK,SKIBBEREEN-WEST CORK,0.31117052333978673,202
13200401,SLIGO,SLIGO-DRUMCLIFF,0.25607466551575314,111
13200402,SLIGO,SLIGO-STRANDHILL,0.5814951361435615,115
13260425,DUBLIN,SOUTH EAST INNER CITY,1.0,174
13260430,DUBLIN,SOUTH WEST INNER CITY,1.0,187
13260405,DUBLIN,STILLORGAN,1.0,185
13150405,MAYO,SWINFORD,0.0315316832238873,106
13260401,DUBLIN,SWORDS,0.7846153846153847,312
13260412,DUBLIN,TALLAGHT CENTRAL,1.0,235
13260415,DUBLIN,TALLAGHT SOUTH,0.9952322822857406,303
13210406,TIPPERARY,THURLES,0.3514498590414821,118
1370405,KERRY,TRALEE,0.5014885744145976,211
13220420,WATERFORD,TRAMORE-WATERFORD CITY WEST,0.8469753790966902,150
13160404,MEATH,TRIM,0.5926649631745079,229
1360401,GALWAY,TUAM,0.4657964037944216,231
13180401,OFFALY,TULLAMORE,0.48576266770874044,230
1310401,CARLOW,TULLOW,0.3476024671707123,113
13220422,WATERFORD,WATERFORD CITY EAST,0.8690464344941956,144
13220421,WATERFORD,WATERFORD CITY SOUTH,0.9846004729965494,155
13150404,MAYO,WESTPORT,0.30906188857996086,135
13240404,WEXFORD,WEXFORD,0.5111828851012119,179
13250403,WICKLOW,WICKLOW,0.6586395233366437,246
